PrimaryKey,Kapittel navn,Oppsummering (kort),Oppsummering (lang),Steder_ID,Karakterer_ID,Relasjoner_ID,Tidslinje_ID
BOK-1,En fremmed ankommer,"KAR-4 (Marius), en mystisk 25-Ã¥ring, ankommer STE-5 (PalmÃ¸ya) via STE-2 (Palm Kai) og flÃ¸rter med KAR-1 (Mia), en blid 18-Ã¥ring, i STE-8 (Matbutikken) i STE-1 (Palmstad). Under en tordenstorm punkterer KAR-1 (Mias) sykkel nÃ¦r STE-2 (Palm Kai), og hun banker pÃ¥ STE-7 (Mariusâ€™ hytte) for ly.","Ankomsten
Onsdag morgen ankommer KAR-4 (Marius) den tropiske Ã¸ya STE-5 (PalmÃ¸ya) (4 km i omkrets, 800 innbyggere) via STE-2 (Palm Kai), Ã¸yas fergehavn. Han er ukjent for lokalbefolkningen, med to tunge kofferter i hÃ¥nda etter en to-timers fergetur. Sliten og svett i varmen drar han til sin leide hytte pÃ¥ STE-3 (SÃ¸rstrand), fem minutters gange unna, der han planlegger Ã¥ bygge en bolig i en privat bukt. Hans fortid som tech-millionÃ¦r (solgt firma for Ã©n milliard NOK) holdes skjult, mens han sÃ¸ker ro fra storbyens stress. KAR-1 (Mia), en 18-Ã¥ring med lyseblond flette og grÃ¸nne Ã¸yne, suser forbi STE-2 (Palm Kai) pÃ¥ sykkelen sin, pÃ¥ vei til STE-8 (Matbutikken) i STE-1 (Palmstad), 15 minutter fra hjemmet sitt pÃ¥ STE-4 (Ã˜stsida). Hun legger merke til KAR-4 (Marius), en ny fyr med mÃ¸rkeblondt hÃ¥r, og lurer pÃ¥ hvem han er i det tette samfunnet.
FlÃ¸rten i STE-8 (Matbutikken)
I STE-1 (Palmstad), Ã¸yas livlige tettsted med fargerike trehus, ligger STE-8 (Matbutikken) â€“ en liten, Ã¥pen bygning med vifter i taket og tropiske varer som mango og kokos. KAR-4 (Marius) ankommer etter en dusj, ifÃ¸rt lette klÃ¦r, og fyller kurven med vin, grÃ¸nnsaker, kjÃ¸tt, brÃ¸d, melk, syltetÃ¸y, chips, og sjokolade. KAR-1 (Mia), i en blÃ¥ sommerkjole, stÃ¥r bak kassa og smiler bredt. â€œHei! Fant du alt du trengte?â€ spÃ¸r hun, nysgjerrig pÃ¥ den fremmede. KAR-4 (Marius), overrasket av KAR-1 (Mia)s fregnede smil og sÃ¸te nese, stotrer: â€œH-hei, Mia! Ja, alt jeg trenger.â€ Han legger til, flÃ¸rtende: â€œFint Ã¥ slappe av pÃ¥ terrassen med vin.â€ KAR-1 (Mia) svarer ertende: â€œSÃ¸rstrand, ikke sant? SÃ¥ fint for solnedgangen!â€ NÃ¥r han lener seg over disken â€“ â€œKanskje du finner ut hvordan boligen min blirâ€ â€“ blunker hun: â€œJeg er god til Ã¥ finne ut av ting!â€ Han tar hÃ¥nden hennes, sier â€œHa en strÃ¥lende dag,â€ og forlater butikken med sommerfugler i magen.
Stormen bygger seg opp
KAR-4 (Marius) sykler tilbake til hytta pÃ¥ STE-3 (SÃ¸rstrand), gjennom palmer og bÃ¸lgeskvulp, og spiser brÃ¸dskiver med syltetÃ¸y pÃ¥ terrassen mens solnedgangen farger himmelen. Utslitt sovner han i kingsize-senga, tenkende pÃ¥ KAR-1 (Mia). Torsdag morgen vÃ¥kner han til hissig vind og mÃ¸rke skyer. Han blir inne, nyter brÃ¸dskiver med bringebÃ¦rsyltetÃ¸y og Oboy, og ser en film mens stormen bygger seg opp. KAR-1 (Mia) trosser vinden og sykler fra STE-4 (Ã˜stsida) til STE-8 (Matbutikken) for Ã¥ sikre varer og vinduer. Hun tenker flyktig pÃ¥ KAR-4 (Marius), den sjarmerende nykommeren, mens STE-1 (Palmstad)s lave bygninger stÃ¥r stille i vinden.
Torden og ly
Torsdag kl. 16:00 slÃ¥r en tordenstorm til, og strÃ¸mmen forsvinner. KAR-4 (Marius) tenner stearinlys i hytta, som sprer en varm glÃ¸d, og mumler: â€œStakkars Mia som skal sykle hjem.â€ KAR-1 (Mia) stenger STE-8 (Matbutikken) og sykler mot STE-4 (Ã˜stsida), men nÃ¦r STE-2 (Palm Kai) treffer et vindkast. Sykkelen punkterer, og hun deiser i en sÃ¸lepytt, gjennomvÃ¥t og skjelven. Redd for tordensmell velger hun Ã¥ ikke gÃ¥ hjem. Hun ser KAR-4 (Marius)â€™ hytte i nÃ¦rheten og banker pÃ¥ dÃ¸ren, nervÃ¸s, men lettet over mulig ly.
AtmosfÃ¦re
Kapittelet fanger STE-5 (PalmÃ¸ya)s tropiske sjarm â€“ palmer, bÃ¸lgeskvulp, og STE-1 (Palmstad)s fargerike trehus. FlÃ¸rten i STE-8 (Matbutikken) tenner en gnist, mens tordenstormen bringer drama og fÃ¸rer KAR-1 (Mia) til KAR-4 (Marius)â€™ dÃ¸r. KAR-1 (Mia)s rampete, ertende natur og KAR-4 (Marius)â€™ flÃ¸rtende sjarm setter tonen for en historie om uventede mÃ¸ter.","STE-2,STE-7,STE-1,STE-5,STE-8,STE-3,STE-15,STE-14","KAR-1,KAR-4",REL-4,"TID-1,TID-2,TID-3,TID-4,TID-5,TID-6,TID-7,TID-8"
BOK-2,Stormens lidenskap,"KAR-1 (Mia) finner ly i KAR-4 (Marius)â€™ hytte pÃ¥ STE-3 (SÃ¸rstrand) under en tordenstorm, og deres flÃ¸rt fra STE-8 (Matbutikken) blusser opp ved peisen med vin og snacks. Kvelden utvikler seg til en lidenskapelig natt med kyssing, berÃ¸ring, og sex, men KAR-1 (Mia) bekymrer seg for manglende prevensjon. Morgenen etter vÃ¥kner de tett i skje.","Et uventet ly
Torsdag kl. 16:00 herjer en tordenstorm over STE-5 (PalmÃ¸ya), og strÃ¸mmen forsvinner. KAR-1 (Mia), gjennomvÃ¥t etter Ã¥ ha punktert sykkelen nÃ¦r STE-2 (Palm Kai), banker pÃ¥ dÃ¸ren til KAR-4 (Marius)â€™ hytte pÃ¥ STE-3 (SÃ¸rstrand). â€œHvem i alle dager er ute i dette uvÃ¦ret?â€ mumler KAR-4 (Marius), men Ã¥pner: â€œKom deg innafor!â€ KAR-1 (Mia), sÃ¸lete og skjelven, smiler lettet: â€œDet er meg, Mia, fra STE-8 (Matbutikken)â€¦ for et kaos!â€ KAR-4 (Marius) henger opp regnjakka hennes og tilbyr et hÃ¥ndkle og en stor t-skjorte som blir en kort kjole. â€œDu kan ikke bli sÃ¥ vÃ¥t,â€ sier han, og vasker hennes klÃ¦r, inkludert en rosa stringtruse. KAR-1 (Mia) ler nervÃ¸st: â€œPass pÃ¥ at de ikke flyr bort!â€
FlÃ¸rt ved peisen
KAR-4 (Marius) tenner stearinlys og fyrer opp peisen, som KAR-1 (Mia) hjelper til med: â€œPerfekt, naturtalent!â€ spÃ¸ker han. Hun poserer: â€œJeg lÃ¦rer fort!â€ De setter seg i sofaen, der KAR-1 (Mia), i t-skjorta, trekker et ullteppe over skuldrene. KAR-4 (Marius) serverer vin, salt-og-eddik-chips, og sjokolade, og setter pÃ¥ popmusikk fra en batteriradio. â€œOi, for en service!â€ utbryter KAR-1 (Mia). FlÃ¸rten eskalerer nÃ¥r KAR-4 (Marius) komplimenterer: â€œJeg ble betatt av hvor vakker du er.â€ KAR-1 (Mia) rÃ¸dmer: â€œOi, nÃ¥ fÃ¥r du meg til Ã¥ rÃ¸dme!â€ Hun spÃ¸ker: â€œSÃ¸lepytten var min mesterplan!â€ KAR-4 (Marius) avslÃ¸rer at han solgte alt for ro og vil bygge en drÃ¸mmebolig: â€œKanskje med en fantastisk person.â€ KAR-1 (Mia) ler: â€œStore planer!â€ Hun foreslÃ¥r en spasertur til tomta: â€œSoloppgang?â€ KAR-4 (Marius) blunker: â€œKanskje.â€
Lidenskapelig natt
Stemningen blir elektrisk i sofaen. KAR-4 (Marius)â€™ arm rundt KAR-1 (Mia), deres skuldre dulter, og han spÃ¸ker om hennes â€œmesterplanâ€. KAR-1 (Mia) svarer: â€œÃ˜ya ledet meg hit med tropisk magi!â€ De kysser, fÃ¸rst forsiktig, deretter lidenskapelig med dansende tunger, og flytter til soverommet med et batterilys. Under dobbeldyna glir t-skjorta opp, og KAR-4 (Marius)â€™ hender stryker over KAR-1 (Mia)s flate mage, smÃ¥ faste bryster, og vÃ¥te, glattbarberte fitta, mens hun responderer, stryker hans bryst og harde penis. â€œDu er uimotstÃ¥elig,â€ sier han. KAR-1 (Mia) stÃ¸nner: â€œMariusâ€¦ ikke stopp!â€ Han penetrerer henne, deres kropper finner en sulten rytme, og hans fingre stimulerer klitoris hennes, sender bÃ¸lger av nytelse gjennom henne. Hun klamrer seg til ham, negler i ryggen, og de nÃ¥r klimaks sammen, KAR-1 (Mia)s fitta pulserer rundt ham mens kroppsvÃ¦skene deres blander seg. KAR-1 (Mia) bekymrer seg for manglende prevensjon: â€œNÃ¸dprevensjon mÃ¥ bestilles fra STE-28 (Fastlandet).â€ KAR-4 (Marius) er rolig: â€œDet gÃ¥r fint.â€ KAR-1 (Mia) foreslÃ¥r forsiktighet, og de sovner flettet sammen.
Morgen i skje
Fredag morgen vÃ¥kner KAR-1 (Mia) fÃ¸rst, i skje som lilleskje, med KAR-4 (Marius)â€™ varme og morgenereksjon mot ryggen hennes. Hun kjenner kroppsvÃ¦skene deres, en deilig pÃ¥minnelse, men prevensjonstanken surrer: â€œVi mÃ¥ vÃ¦re forsiktige.â€ KAR-4 (Marius) spÃ¸ker: â€œFrister Ã¥ ikke holde fingrene av fatet.â€ De ler, fortsatt i etterglÃ¸den, og planlegger forsiktighet.
AtmosfÃ¦re
Kapittelet fanger en elektrisk kveld i KAR-4 (Marius)â€™ hytte, der peisknitre og stearinlys kontrasterer stormens kaos. KAR-1 (Mia)s rampete flÃ¸rt og KAR-4 (Marius)â€™ sjarm skaper en intim boble, med lidenskapelige Ã¸yeblikk og prevensjonsbekymring som tilfÃ¸rer dybde. STE-5 (PalmÃ¸ya)s tropiske sjarm â€“ palmer, bÃ¸lgeskvulp â€“ rammer inn en historie om lidenskap og forsiktige lÃ¸fter.",STE-7,"KAR-4,KAR-1",REL-4,"TID-9,TID-10,TID-11,TID-12"
BOK-3,Solnedgang og overraskelser,"Fra fredag formiddag til natt til sÃ¸ndag i Uke 1 spinner historien om KAR-1 (Mia) og KAR-4 (Marius) pÃ¥ STE-5 (PalmÃ¸ya). KAR-1 (Mia) tilbringer fredag pÃ¥ STE-8 (Matbutikken) med nysgjerrige kunder og KAR-5 (Olaf) som fisker etter info om KAR-4 (Marius), fÃ¸r hun spiser middag hos foreldrene, hvor KAR-22 (Lena) graver om hennes â€œglÃ¸dâ€. LÃ¸rdag formiddag jobber hun alene, KAR-5 (Olaf) viser en avis om â€œMarius Almâ€ â€“ en rik grÃ¼nder som forsvant. Ettermiddagen tar dem til KAR-4 (Marius)â€™ tomt, hvor han deler planer og fortid, fÃ¸r en het badstue-sesjon, sex i vannet, og et pinlig mÃ¸te med KAR-22 (Lena) og KAR-6 (Erik). De gÃ¥r tilbake til badstuen, snakker, dusjer, tÃ¸rker hverandre, og KAR-1 (Mia) suger KAR-4 (Marius). LÃ¸rdag kveld lager de middag, ringer KAR-7 (Tina) (som griller KAR-1 (Mia)), og nyter vin pÃ¥ en utendÃ¸rs sofa, som ender i en sprutorgasme. Natt til sÃ¸ndag gÃ¥r de til sengen, snakker om ekser, har analsex, og faller i sÃ¸vn, mens KAR-1 (Mia)s prevensjonsbekymring lurer. Settingen veksler mellom STE-8 (Matbutikken), KAR-1 (Mia)s hjem, KAR-4 (Marius)â€™ luksushytte, STE-3 (SÃ¸rstrand) og terrassen. Temaene er lidenskap, tilfeldigheter via KAR-8 (Tom)-sammenhengen, fortidens hemmeligheter, og tanker om fremtid og ansvar.","Fredag formiddag â€“ butikkkaos
KAR-1 (Mia) syklet til STE-8 (Matbutikken) etter en hektisk morgen med KAR-4 (Marius), hÃ¥ret rufsete og en glÃ¸d hun ikke kunne skjule. Kunder som KAR-23 (Fru Larsen) og KAR-24 (Johan) gravde â€“ â€œDu strÃ¥ler, Mia! Hva er greia?â€ Hun lo det bort, skyldte pÃ¥ solskinnet, men hjertet hennes banket for KAR-4 (Marius). KAR-5 (Olaf), bestefaren, fisket etter info om den nye fyren. â€œHan virker glatt, Mia â€“ hva er historien?â€ KAR-1 (Mia) rÃ¸dmet, mumlet noe om en nabo, men tankene var hos ham. KAR-4 (Marius), i STE-7 (hytta), tenkte pÃ¥ KAR-1 (Mia)s fregnete smil og den intense natten, allerede spent pÃ¥ Ã¥ se henne igjen, men med et snev av bekymring for hvordan STE-5 (PalmÃ¸ya) oppfattet ham.
Fredag kveld â€“ middag hos foreldrene
KAR-1 (Mia) dro til foreldrenes hus pÃ¥ STE-6 (Ã˜stsida) for middag, fortsatt glÃ¸dende fra morgenen. KAR-22 (Lena), med sin lÃ¸se flette, la merke til datterens sprudlende energi og gravde: â€œHvem har fÃ¥tt deg til Ã¥ lyse sÃ¥nn?â€ KAR-1 (Mia) viftet det bort, men rÃ¸dmet da KAR-22 (Lena) smilte lurt. KAR-6 (Erik) spÃ¸kte om KAR-4 (Marius)â€™ tomt, nysgjerrig pÃ¥ naboen, mens KAR-1 (Mia) styrte samtalen til fiskesuppen. KAR-4 (Marius), alene i STE-7 (hytta), planla neste dag, hjertet lett ved tanken pÃ¥ KAR-1 (Mia), men han lurte pÃ¥ om foreldrene hennes ville godta ham, spesielt med avisryktene om â€œMarius Almâ€ som kunne dukke opp.
LÃ¸rdag formiddag â€“ butikk og avis
KAR-1 (Mia) lÃ¥ste opp STE-8 (Matbutikken) tidlig, alene i dag, men KAR-5 (Olaf) dukket opp med en avis. â€œSe her, Mia â€“ en ung grÃ¼nder som solgte et teknologiselskap for en formue og forsvant. Heter Marius Alm. Ligner han fyren din?â€ KAR-1 (Mia) rÃ¸dmet, lo det bort, men hjertet hoppet. En milliardÃ¦r som droppet alt? Det stemte med KAR-4 (Marius)â€™ vibe, men vekket spÃ¸rsmÃ¥l. KAR-5 (Olaf) fisket mer, men hun viftet det unna. KAR-4 (Marius), i STE-7 (hytta), tenkte pÃ¥ Ã¥ fortelle KAR-1 (Mia) om Elida, usikker pÃ¥ om hun ville se ham annerledes. Dagen flÃ¸y, men begge var spente pÃ¥ ettermiddagens planer.
Strand-date og tomtbesÃ¸k
LÃ¸rdag ettermiddag tok KAR-1 (Mia) og KAR-4 (Marius) turen til KAR-4 (Marius)â€™ tomt pÃ¥ STE-3 (SÃ¸rstrand). Han viste frem planer for et moderne hus med glassvegger og privat strand, Ã¸ynene lyste av stolthet. Han fortalte om Elida, hvordan han solgte det for en formue og valgte STE-5 (PalmÃ¸ya) for ro. KAR-1 (Mia) lyttet, fascinert, fregnene danset i solnedgangen mens hun spÃ¸kte: â€œSÃ¥ du er en mystisk rikmann?â€ KAR-4 (Marius) lo, men kjente et stikk av nervÃ¸sitet â€“ ville hun like ham for den han var? De flÃ¸rtet, spenningen bygget seg opp, og de gikk hÃ¥nd i hÃ¥nd tilbake til STE-7 (hytta), hjertene bankende.
Badstue, vann og foreldremÃ¸te
I STE-7 (hytta) kastet de seg inn i badstuen, svetten rant ned KAR-1 (Mia)s fregnete hud mens KAR-4 (Marius)â€™ hender gled over brystene hennes, ertet brystvortene til de stivnet. KAR-1 (Mia) tok pikken hans i hÃ¥nden, kjente ham vokse mens de stÃ¸nnet i dampen. De lÃ¸p ut for Ã¥ kjÃ¸le seg i vannet, fnisende, men ting ble hett. Under bÃ¸lgene tok KAR-4 (Marius) henne, pikken hans gled dypt inn i fitta hennes, og KAR-1 (Mia) stÃ¸nnet hÃ¸yt, saftene hennes blandet seg med vannet. Orgasmen var nÃ¦r da KAR-22 (Lena) og KAR-6 (Erik) dukker opp for Ã¥ se tomta! KAR-1 (Mia) rÃ¸sket til seg hÃ¥ndkleet, kjente sÃ¦den fra KAR-4 (Marius) renne ned lÃ¥ret, et klebrig spor hun skjulte. KAR-22 (Lena)â€™s lurer smil sa alt, mens KAR-6 (Erik) bablet om tomta. KAR-1 (Mia) var et vrak, men KAR-4 (Marius) holdt henne rolig. Tilbake i badstuen snakket de, lo om pinligheten, hans hender pÃ¥ hoftene hennes. I fossefallsdusjen vasket de hverandre, sÃ¥pen gled over KAR-1 (Mia)s bryster og fitta, hans fingre masserte henne mens hun vasket pikken hans. Utenfor dusjen tÃ¸rket de hverandre, og KAR-1 (Mia) sank pÃ¥ knÃ¦rne, tok pikken hans i munnen, sugde ham dypt til han sprutet i munnen hennes. Hun svelget, kroppen dirrende, mens de kysset.
Planlegging og vin under stjernene
I STE-7 (hytta) lagde de pasta, lo og flÃ¸rtet mens de spiste ved kjÃ¸kkenbordet. KAR-4 (Marius) sÃ¥ pÃ¥ KAR-1 (Mia), tenkte pÃ¥ hvor naturlig det fÃ¸ltes Ã¥ vÃ¦re med henne. EtterpÃ¥ ringte KAR-1 (Mia) KAR-7 (Tina) pÃ¥ videosamtale, som gravde: â€œHvem er denne vennen?â€ Da KAR-7 (Tina) nevnte at KAR-8 (Tom) jobbet i Elida, hoppet KAR-1 (Mia)s hjerte, og KAR-4 (Marius) kjente et stikk av nostalgi â€“ KAR-8 (Tom) var inspirasjonen hans for STE-5 (PalmÃ¸ya). KAR-1 (Mia) holdt kortene tett, men KAR-7 (Tina) ga ikke opp. De avtalte Ã¥ mÃ¸tes i STE-10 (Holmenkollen) torsdag, fÃ¸r STE-26 (Maaemo)-middag, som KAR-4 (Marius) skulle fikse. EtterpÃ¥ gikk de til terrassen, la seg pÃ¥ en utendÃ¸rs sofa under teppet, og drakk rÃ¸dvin mens stjernene skinte. KAR-1 (Mia) spÃ¸kte om fortiden â€“ hennes to flÃ¸rter, hans fire â€“ but KAR-4 (Marius) fokuserte pÃ¥ henne, hjertet fullt. Ting tok fyr, og KAR-1 (Mia) red ham, fitta hennes klemte rundt pikken hans, hoftene rytmiske. Orgasmen traff henne, sprutende safter gjennomvÃ¦tet teppet, stÃ¸nnene hennes hÃ¸ye mens kroppen ristet.
Natt til sÃ¸ndag â€“ nytt nivÃ¥
Fra terrassen gikk de til sengen, fortsatt kÃ¥te. Under dynen snakket de om ekser â€“ KAR-1 (Mia)s korte eventyr med KAR-9 (Lars) og en turist, KAR-4 (Marius)â€™ fire partnere, inkludert KAR-25 (Ann-Christin). Han Ã¥pnet seg, men tankene var pÃ¥ KAR-1 (Mia). Han smurte rumpehullet hennes med saftene fra fitta hennes, tok henne analt, pikken strakte rumpa hennes mens fingrene masserte klitten. KAR-1 (Mia) sprutet, saftene sprutet i en bue, dynen ble gjennomvÃ¥t, og en liten prolaps fra rumpehullet etterlot et svakt spor. Hun kjente en trang, deilig strekk, kroppen dirrende. KAR-4 (Marius) kjente henne trekke ham dypere, stÃ¸nnet hennes drev ham til klimaks. Prevensjonsbekymringen dukket opp, men KAR-1 (Mia) skjÃ¸v den vekk, lovet Ã¥ ta det opp senere. De gled inn i sÃ¸vn, armene rundt hverandre, utmattet og fornÃ¸yde.","STE-7,STE-8,STE-3,STE-6,STE-19","KAR-1,KAR-4,KAR-7,KAR-5,KAR-6,KAR-22,KAR-23,KAR-24",,"TID-17,TID-18,TID-19,TID-20,TID-21,TID-22,TID-23,TID-24"
BOK-4,Familiedrama og fremtidsdrÃ¸mmer,"Fra sÃ¸ndag morgen til mandag ettermiddag i Uke 1 spinner historien om KAR-1 (Mia) og KAR-4 (Marius) pÃ¥ STE-5 (PalmÃ¸ya). KAR-1 (Mia) vÃ¥kner i KAR-4 (Marius)â€™ hytte, nyter en intim frokost pÃ¥ terrassen mens de diskuterer prevensjonsbekymringen hennes, og dusjer sammen fÃ¸r hun sykler hjem til familien. Middagen hos KAR-22 (Lena), KAR-6 (Erik) og KAR-5 (Olaf) blir et avhÃ¸r om KAR-4 (Marius)â€™ milliardÃ¦rfortid og STE-27 (Oslo)-turen, men KAR-1 (Mia) fÃ¥r fri onsdag til fredag. SÃ¸ndag kveld tilfredsstiller hun seg selv mens hun tenker pÃ¥ KAR-4 (Marius), og mandag morgen gjentar hun det annerledes. PÃ¥ STE-8 (Matbutikken) mÃ¸ter hun KAR-9 (Lars), hennes eks, som prÃ¸ver Ã¥ vinne henne tilbake, men KAR-4 (Marius)â€™ ankomst redder situasjonen. KAR-5 (Olaf) mÃ¸ter KAR-4 (Marius), starter skeptisk, men mykner opp. Settingen veksler mellom STE-7 (Mariusâ€™ hytte), STE-6 (Miaâ€™s hjem), STE-8 (Matbutikken), STE-3 (SÃ¸rstrand) og bukta. Temaene er lidenskap, familiedynamikk, fortidens skygger via KAR-9 (Lars), og fremtidsplaner.","SÃ¸ndag morgen â€“ intim frokost
KAR-1 (Mia) vÃ¥knet i KAR-4 (Marius)â€™ kingsize-seng pÃ¥ STE-3 (SÃ¸rstrand), dynen som en varm klem rundt dem. Morgenlyset sivet inn, kastet en myk glÃ¸d over hennes fregnete hud og lange, blonde hÃ¥r, som lÃ¥ spredt over puten. KAR-4 (Marius) lÃ¥ ved siden av, hans mÃ¸rkeblonde hÃ¥r rufsete, et fredfullt smil pÃ¥ leppene. Han strÃ¸k henne over brystene, halsen, ansiktet, og kysset henne mykt, vekket kjemien deres til live. â€œGod morgen, min kaptein,â€ hvisket KAR-1 (Mia), rÃ¸dmet mens hun kysset ham tilbake. KAR-4 (Marius) fÃ¸lte hjertet banke, tenkte pÃ¥ hvor perfekt hun fÃ¸ltes mot ham. De gikk nakne til kjÃ¸kkenet, lagde en frokost med brÃ¸d, ost og frukt, og tok brettet til terrassen. PÃ¥ loungestolen snakket de om prevensjonen â€“ KAR-1 (Mia)s bekymring om graviditet gnaget, men KAR-4 (Marius)â€™ stÃ¸tte roet henne. â€œJeg er her uansett hva du velger,â€ sa han, holdt hÃ¥nden hennes. KAR-1 (Mia) nikket, lettet, men fortsatt usikker. De spiste, lo om Ã¥ spise naken, og KAR-4 (Marius) stjal et bilde av dem, KAR-1 (Mia) leende mens hun kikket pÃ¥ telefonen hans.
Dusj og styling
De gikk til badet, fortsatt nakne, og dusjet under fossefallsdusjen. KAR-1 (Mia) satte hÃ¥ret i en dult for Ã¥ holde det tÃ¸rt, lo mens KAR-4 (Marius) sÃ¥pet henne inn, hendene hans gled over brystene og fitta hennes, fjernet rester av kroppsvÃ¦sker. Hun vasket ham tilbake, strÃ¸k pikken hans forsiktig. Utenfor dusjen tÃ¸rket de hverandre, og KAR-1 (Mia) sank pÃ¥ kne, tÃ¸rket pikken hans med munnen sin. KAR-4 (Marius) bÃ¸rstet hÃ¥ret hennes, formet en lav hestehale, og tok et bilde. â€œSend det til KAR-7 (Tina)!â€ lo KAR-1 (Mia), men KAR-4 (Marius) foreslo et bilde bakfra for Ã¥ unngÃ¥ nakenhet. Det nye bildet viste KAR-1 (Mia)s glatte hestehale mot den lyse huden hennes, og hun nikket fornÃ¸yd. KAR-4 (Marius) tenkte pÃ¥ hvor vakker hun var, spent pÃ¥ dagen.
Sykkeltur hjem
KAR-1 (Mia) kledde pÃ¥ seg â€“ rosa stringtruse, hvit topp og shorts â€“ og syklet hjem til STE-6 (Ã˜stsida), hestehalen svingende mens brisen blÃ¥ste mot henne. Hun passerte palmer og hytter, tenkte pÃ¥ KAR-4 (Marius)â€™ stÃ¸tte, men ogsÃ¥ pÃ¥ prevensjonen. Hjemme hilste mamma KAR-22 (Lena) henne, la merke til hestehalen og glÃ¸den hennes. â€œNy frisyre? Hva har skjedd?â€ spurte hun, Ã¸ynene nysgjerrige. KAR-1 (Mia) viftet det bort, men rÃ¸dmet da KAR-22 (Lena) gravde om KAR-4 (Marius). â€œBare en venn,â€ lÃ¸y hun, men KAR-22 (Lena) trodde henne ikke, spesielt etter stranda i gÃ¥r. KAR-1 (Mia) hjelpte med Ã¥ dekke bordet, spent pÃ¥ middagen.
SÃ¸ndagsmiddag â€“ familieforhÃ¸r
Ved middagsbordet ble KAR-1 (Mia) grillet av KAR-22 (Lena), KAR-6 (Erik) og KAR-5 (Olaf). KAR-22 (Lena) la merke til glÃ¸den hennes, KAR-6 (Erik) spÃ¸kte om KAR-4 (Marius)â€™ tomt, og KAR-5 (Olaf) koblet KAR-4 (Marius) til avisen om â€œMarius Almâ€. KAR-1 (Mia) ba dem holde det hemmelig, og fortalte alt: KAR-4 (Marius)â€™ milliardÃ¦rfortid, Elida-salget, KAR-8 (Tom)-sammenhengen, og STE-27 (Oslo)-turen for Ã¥ mÃ¸te KAR-7 (Tina) og signere leilighetspapirer. KAR-5 (Olaf) var skeptisk, bekymret for at KAR-1 (Mia) skulle forlate STE-5 (PalmÃ¸ya) som KAR-7 (Tina), men KAR-22 (Lena) og KAR-6 (Erik) stÃ¸ttet henne, fortalte om stranda. KAR-5 (Olaf) myknet, ga fri onsdag til fredag, og nevnte Ã¥ gi STE-8 (Matbutikken) til KAR-1 (Mia) som en julegave. â€œDu mÃ¥ bli!â€ sa KAR-1 (Mia), glad men emosjonell. De spurte om hestehalen og glÃ¸den, og KAR-1 (Mia) innrÃ¸mmet forelskelsen. KAR-5 (Olaf) koblet til avisen igjen, og KAR-1 (Mia) fortalte om KAR-8 (Tom) og Elida, overrasket dem alle.
SÃ¸ndag kveld â€“ intime tanker
Etter middagen snakket de om STE-5 (PalmÃ¸ya), og KAR-1 (Mia) snek seg til stuen for Ã¥ sende melding til KAR-4 (Marius): â€œOverlevde middagen â€“ fortalte alt! Fikk fri! ğŸ˜â€. Han svarte, glad for frien, og bestilte STE-26 (Maaemo)-bord. KAR-1 (Mia) ble hos foreldrene, men tankene om KAR-4 (Marius) hindret sÃ¸vn. Alene i sengen trakk hun ned stringtrusen, lot fingrene gli over fitta, masserte klitten mens hun tenkte pÃ¥ hans berÃ¸ringer. Saftene hennes fuktet lakenet, og orgasmen traff som en bÃ¸lge, et dempet skrik mens hun ristet. Fysisk fÃ¸ltes det som elektriske stÃ¸t, psykisk var det en blanding av lyst og kjÃ¦rlighet. Hun sovnet raskt, pakket inn i dynen, drÃ¸mte om KAR-4 (Marius).
Mandag morgen â€“ ny runde
KAR-1 (Mia) vÃ¥knet mandag, fortsatt kÃ¥t fra drÃ¸mmer om KAR-4 (Marius). Hun lot fingrene klemme nippelen, strÃ¸k rumpehullet og fitta, lot en finger gli inn i rumpehullet, bygget opp spenning uten direkte klitorisberÃ¸ring. Orgasmen var dypere, mindre sprutende, men intens, og hun ristet mens hun tenkte pÃ¥ ham. Hun kledde pÃ¥ seg, spiste frokost med KAR-22 (Lena), and syklet til STE-8 (Matbutikken), spent pÃ¥ Ã¥ se KAR-4 (Marius) senere.
Mandag ettermiddag â€“ KAR-9 (Lars) dukker opp
I STE-8 (Matbutikken) hjalp KAR-1 (Mia) KAR-5 (Olaf), men kunder som KAR-29 (Fru Hansen), KAR-30 (Jonas) og KAR-31 (Herr Larsen) la merke til glÃ¸den og hestehalen hennes, spÃ¸kte om kjÃ¦rlighet. KAR-5 (Olaf) gravde, â€œKAR-4 (Marius) igjen?â€ KAR-1 (Mia) lo det bort, men ryktene vokste. Rundt 15:30 raste KAR-9 (Lars), hennes eks, inn, kjÃ¸pte brÃ¸d og melk, og ba henne pÃ¥ en fest for Ã¥ vinne henne tilbake. â€œJeg har planer,â€ sa KAR-1 (Mia) bestemt, men hjertet hennes banket. KAR-4 (Marius) ankom, vinket, og KAR-9 (Lars) kastet et skuffet blikk fÃ¸r han dro. KAR-1 (Mia) fortalte KAR-4 (Marius) om KAR-9 (Lars), lettet over hans nÃ¦rvÃ¦r. KAR-5 (Olaf) kom ut, mÃ¸tte KAR-4 (Marius) skeptisk. â€œIkke ta henne fra oss,â€ sa han, men myknet etter KAR-4 (Marius)â€™ forklaring om STE-27 (Oslo)-turen og hans intensjoner. â€œPass pÃ¥ henne,â€ sa KAR-5 (Olaf), og KAR-1 (Mia) smilte, glad for stÃ¸tten.","STE-7,STE-8,STE-6,STE-14","KAR-4,KAR-1,KAR-22,KAR-6,KAR-5,KAR-9","REL-4,REL-9","TID-25,TID-26,TID-27,TID-28,TID-29,TID-30"
BOK-5,Spicy kvelder og Oslo-planer,"Fra mandag ettermiddag til tirsdag ettermiddag i Uke 1 spinner historien om KAR-1 (Mia) og KAR-4 (Marius) pÃ¥ STE-5 (PalmÃ¸ya). KAR-1 (Mia) og KAR-4 (Marius) sykler fra STE-8 (Matbutikken) etter et pinlig mÃ¸te med KAR-9 (Lars), som spionerer pÃ¥ dem. De lager taco i STE-7 (hytta), nakne og frie, mens de snakker om KAR-9 (Lars) og Ã¸yas nysgjerrighet. Deres nyvunne seksuelle frihet blomstrer, og tirsdag morgen ender i en intens dusjscene med anal lek, squirt og prolaps. KAR-1 (Mia) jobber i STE-8 (Matbutikken), overrasker KAR-5 (Olaf) med sin pliktoppfyllelse, og fÃ¥r hans velsignelse for STE-27 (Oslo)-turen. Hun pakker hos foreldrene, deler en tÃ¥revÃ¥t avskjed med KAR-22 (Lena), og planlegger Ã¥ sove hos KAR-4 (Marius) for pizza pÃ¥ grill. Settingen veksler mellom STE-8 (Matbutikken), STE-7 (Mariusâ€™ hytte), STE-6 (Miaâ€™s hjem) og STE-3 (SÃ¸rstrand). Temaene er lidenskap, tillit, fortidens skygger via KAR-9 (Lars), og forventning til STE-27 (Oslo)-turen.","Mandag ettermiddag â€“ sykkeltur og KAR-9 (Lars)-spion
KAR-1 (Mia) og KAR-4 (Marius) lÃ¥ste STE-8 (Matbutikken) etter en hektisk dag, hvor KAR-9 (Lars), KAR-1 (Mia)s eks, dukket opp og ba henne pÃ¥ fest. KAR-4 (Marius)â€™ ankomst reddet henne, og KAR-5 (Olaf) myknet i mÃ¸tet med ham. Mens de pakket varene i sykkelkurvene, oppdaget KAR-4 (Marius) KAR-9 (Lars) som spionerte bak et blÃ¥tt hus. â€œHan gir ikke opp,â€ lo KAR-1 (Mia) nervÃ¸st, hjertet banket mens de trÃ¥kket mot STE-7 (hytta). Den rosa sommerkjolen svinget, og g-stringen ga henne selvtillit. KAR-4 (Marius) lurte pÃ¥ om KAR-9 (Lars) var ond, og KAR-1 (Mia) forklarte at han var intens, men ikke farlig â€“ deres korte forhold ved 15 var klÃ¸nete, og hans sjalusi dukket opp igjen med turisten i fjor. â€œMed deg er det annerledes,â€ sa hun, og KAR-4 (Marius) foreslo Ã¥ vÃ¦re tydelig med KAR-9 (Lars). Han tenkte pÃ¥ KAR-1 (Mia)s styrke, spent pÃ¥ kvelden.
Mandag kveld â€“ taco og frihet
I STE-7 (hytta) lagde de taco, nakne og frie, mens kjemien surret. KAR-1 (Mia) klemte KAR-4 (Marius) bakfra, og han lo, overrasket over hennes frihet. De spÃ¸kte om krydder, og KAR-1 (Mia) kastet klÃ¦rne, inspirert av hans hÃ¥rfrie kropp â€“ et resultat av laser og IPL. â€œDu har vekket noe vilt i meg,â€ flÃ¸rtet hun, og han foreslo Ã¥ kjÃ¸pe leketÃ¸y i STE-27 (Oslo). De snakket om KAR-9 (Lars), STE-5 (PalmÃ¸ya)s rykter, and fraktbÃ¥ten som losset moduler til KAR-4 (Marius)â€™ hus, mens de spiste under stjernene. KAR-1 (Mia) kjente en klÃ¸e, klÃ¸dde seg diskret, og de lo om Ã¸yas teorier. Etter tacoen krÃ¸p de sammen pÃ¥ terrassen, kysset lidenskapelig, and KAR-1 (Mia) red ham under teppet. StÃ¸nnene deres blandet seg med bÃ¸lgene, og de sovnet i hverandres armer, drÃ¸mte om fremtiden.
Tirsdag morgen â€“ dusj og eksperimentering
KAR-1 (Mia) vÃ¥knet pÃ¥ terrassen, lo med KAR-4 (Marius) om Ã¥ ha sovet ute, og de gikk inn for frokost â€“ brÃ¸d og frukt. Nakne snakket de om eksperimentering; KAR-4 (Marius) nevnte Lovense-leketÃ¸y og sin erfaring med dildoer og buttplugs. KAR-1 (Mia) innrÃ¸mmet Ã¥ ha utforsket seg selv sÃ¸ndag kveld og mandag morgen, inspirert av ham. â€œDu har fÃ¥tt meg til Ã¥ tÃ¸rre mer,â€ sa hun, og foreslo Ã¥ prÃ¸ve anal lek igjen. I dusjen tok KAR-4 (Marius) henne hardt â€“ fire fingre i rumpehullet hennes, smurt av hennes safter, mens han masserte G-punktet hennes. NÃ¥r han byttet til kuken sin, kom han, og KAR-1 (Mia) fulgte etter med en gedigen squirt, urin som sprutet, og en prolaps som dyttet ham ut, etterfulgt av en sprut bÃ¦sj. â€œDet var vilt,â€ stÃ¸nnet hun, svimmel av ekstase. De lÃ¥ pÃ¥ varme fliser, pustet ut, og KAR-4 (Marius) tÃ¸rket opp mens de lo om morgenens intensitet.
Tirsdag formiddag â€“ butikk og familie
KAR-1 (Mia) kledde pÃ¥ seg â€“ hvit g-string og rosa sommerkjole â€“ mens KAR-4 (Marius) flettet hÃ¥ret hennes, en nostalgisk touch. Han tok pÃ¥ beige stringtruse, linbukse og skjorte, og de lo om hans lÃ¸pevaner. KAR-1 (Mia) syklet til STE-8 (Matbutikken), overrasket KAR-5 (Olaf) ved Ã¥ komme tidlig, og han roste hennes pliktoppfyllelse. â€œJeg stoler pÃ¥ deg med KAR-4 (Marius),â€ sa han, glad for fletta hennes. Kunder som KAR-29 (Fru Hansen) og KAR-32 (Herr Pedersen) kommenterte glÃ¸den hennes, og ryktene om en rik mann vokste. KAR-1 (Mia) lo det bort, men tenkte pÃ¥ KAR-4 (Marius). Hun syklet hjem til STE-6 (Miaâ€™s hjem), pakket til STE-27 (Oslo)-turen, og delte en tÃ¥revÃ¥t avskjed med KAR-22 (Lena), som stÃ¸ttet forelskelsen, men savnet KAR-7 (Tina). KAR-1 (Mia) lovte Ã¥ komme tilbake, og planla Ã¥ sove hos KAR-4 (Marius) for pizza pÃ¥ grill.","STE-1,STE-3,STE-7,STE-8,STE-6","KAR-9,KAR-1,KAR-4,KAR-5,KAR-6,KAR-22","REL-4,REL-9","TID-31,TID-32,TID-33,TID-34,TID-35"
BOK-6,"Pizza, venner og ville fantasier","Fra tirsdag kveld til onsdag morgen i Uke 1 spinner historien om KAR-1 (Mia) og KAR-4 (Marius) pÃ¥ STE-5 (PalmÃ¸ya). KAR-1 (Mia) ankommer KAR-4 (Marius)â€™ hytte i STE-7 (Mariusâ€™ hytte) for pizza pÃ¥ grill, og de lager mat mens de snakker om en nyhetsartikkel om KAR-4 (Marius)â€™ fravÃ¦r og STE-27 (Oslo)-salg. KAR-10 (Sigrid) og KAR-2 (Nora) dukker opp, deler pizza og vin, og spÃ¸ker om ryktene rundt KAR-4 (Marius)â€™ tomt. KAR-1 (Mia) innrÃ¸mmer usikkerhet om kroppen sin, men KAR-4 (Marius) lÃ¸fter henne opp. I sengen deler KAR-1 (Mia) historier om intime stunder med KAR-2 (Nora), som tenner en vill fantasi mens de har sex, ender i en eksplosiv orgasme med squirt og prolaps. De dusjer, skifter sengetÃ¸y, og sovner som kjÃ¦rester, drÃ¸mmer om â€œvÃ¥rt husâ€. Settingen er STE-7 (Mariusâ€™ hytte) og STE-3 (SÃ¸rstrand). Temaene er lidenskap, selvtillit, vennskap, og STE-27 (Oslo)-planer.","Tirsdag kveld â€“ pizza pÃ¥ terrassen
KAR-1 (Mia) syklet til STE-7 (Mariusâ€™ hytte), fortsatt rÃ¸rt etter KAR-22 (Lena)-avskjeden, men smilte ved tanken pÃ¥ pizza. Hun ankom klokka 20, i rosa sommerkjole og hvit g-string, og fant KAR-4 (Marius) som knadde pizzadeig etter en italiensk oppskrift. â€œPizzamester!â€ lo hun, klemte ham, og de spÃ¸kte om en nyhetsartikkel som lurte pÃ¥ hvor KAR-4 (Marius) var. â€œVi holder det hemmelig,â€ sa hun, smurte tomatpurÃ© mens han formet deigen. De bar pizzaen til grillen, og KAR-4 (Marius) lÃ¸ftet kjolen hennes, dro av g-stringen, og kysset venusberget hennes. â€œDen mest sexye kroppen,â€ sa han, og KAR-1 (Mia) rÃ¸dmet, selvtilliten lÃ¸ftet. De spiste pizza og Ã¸l under stjernene, nakne og frie, skÃ¥lte for sin nye kjÃ¦restestatus.
Tirsdag kveld â€“ overraskelsesbesÃ¸k
Mens de spiste, sÃ¥ KAR-4 (Marius) to skikkelser nÃ¦rme seg fra STE-3 (SÃ¸rstrand)-bukta. KAR-1 (Mia) var rolig til hun kjente igjen KAR-10 (Sigrid) og KAR-2 (Nora), venninnene fra skolen. â€œVi mÃ¥ fÃ¥ pÃ¥ klÃ¦r!â€ hvisket hun, kastet pÃ¥ kjolen mens KAR-4 (Marius) tok pÃ¥ linbukse og skjorte. KAR-10 (Sigrid), hÃ¸y med mÃ¸rkt bÃ¸lgete hÃ¥r og brune Ã¸yne, og KAR-2 (Nora), kortere med rÃ¸dt krÃ¸llete hÃ¥r og blÃ¥ Ã¸yne, hilste entusiastisk. De spÃ¸kte om ryktene rundt KAR-4 (Marius)â€™ tomt â€“ â€œet hemmelig hotell?â€ â€“ og delte pizza, vin og Ã¸l. KAR-2 (Nora) flÃ¸rtet lett med KAR-4 (Marius), la hÃ¥nda pÃ¥ lÃ¥ret hans, men KAR-1 (Mia) sa vennlig, â€œHan er min!â€ Stemningen var lett, og de lo om gamle skoledager til de ble smÃ¥fulle.
Tirsdag kveld â€“ intime avslÃ¸ringer
Etter at KAR-10 (Sigrid) og KAR-2 (Nora) dro, ryddet KAR-1 (Mia) og KAR-4 (Marius), fortsatt smÃ¥fulle. I sengen kysset de lidenskapelig, og KAR-4 (Marius)â€™ fingre fant fitta hennes mens han spurte om KAR-2 (Nora). KAR-1 (Mia) innrÃ¸mmet Ã¥ ha kysset og utforsket KAR-2 (Nora) pÃ¥ fester og alene â€“ tungekyss, fingring, oralsex, til og med anal lek. â€œBare moro,â€ sa hun, men fantasien tente dem begge. KAR-4 (Marius) forestilte KAR-2 (Nora) med dem, hennes kurvede kropp og rÃ¸de hÃ¥r, og de lekte ut scenarier â€“ KAR-1 (Mia) som red ham mens KAR-2 (Nora) satt over ansiktet hans, eller begge i doggystyle. De byttet posisjoner, hans fingre i rumpehullet hennes, og endte i en eksplosiv orgasme. KAR-1 (Mia)s squirt blandet seg med urin, en prolaps dyttet fingrene ut med bÃ¦sj, og KAR-4 (Marius) kom inne i henne. â€œMagisk,â€ stÃ¸nnet hun, svimmel.
Tirsdag natt â€“ etterglÃ¸d og drÃ¸mmer
De dusjet raskt, skylte bort svetten og saftene, og lo om fantasien. â€œDu fÃ¥r meg til Ã¥ fÃ¸le meg perfekt,â€ sa KAR-1 (Mia), mens de skiftet til rent sengetÃ¸y med lavendelduft. KAR-4 (Marius) startet vaskemaskinen, og de snakket om KAR-2 (Nora) og â€œvÃ¥rt husâ€ i STE-3 (SÃ¸rstrand). â€œMente du det?â€ spurte KAR-1 (Mia), sjokkert, men glad. â€œJa, hvis det fortsetter sÃ¥nn,â€ sa han, og de sovnet nakne under dyna, hennes hode pÃ¥ skulderen hans, drÃ¸mte om fremtiden.",STE-7,"KAR-4,KAR-1,KAR-10,KAR-2","REL-4,REL-12","TID-36,TID-37,TID-38,TID-39"
BOK-7,Fergefrokost og Oslo-eventyr,"Onsdag morgen til ettermiddag i Uke 1 fÃ¸lger KAR-1 (Mia) og KAR-4 (Marius) fra STE-5 (PalmÃ¸ya) til STE-28 (Fastlandet). Morgenen starter med en intim stund i sengen, der KAR-4 (Marius) vekker KAR-1 (Mia) med kyss og oral lek, som ender i en intens orgasme med squirt. De dusjer raskt, mottar en melding og et strandbilde fra KAR-2 (Nora), og sykler til STE-2 (Palm Kai) for fergen. KAR-22 (Lena) dukker opp for en tÃ¥revÃ¥t avskjed, og om bord mÃ¸ter de KAR-11 (Eline), KAR-2 (Nora)s mor, som deler stÃ¸tte og spÃ¸k om KAR-2 (Nora)s flÃ¸rting. De spiser frokost i fergens kafÃ©, sender en selfie til KAR-2 (Nora), og planlegger shopping pÃ¥ STE-23 (Karl Johan), inkludert Kondomeriet, og middag pÃ¥ Egon fÃ¸r STE-10 (Holmenkollen). KAR-2 (Nora) sender en ny melding, og de diskuterer STE-27 (Oslo)-planer mens fergen nÃ¦rmer seg kaia. Settingen veksler mellom STE-7 (Mariusâ€™ hytte), STE-2 (Palm Kai), og fergen. Temaene er lidenskap, tillit, vennskap via KAR-2 (Nora), og forventning til STE-27 (Oslo)-turen.","Onsdag morgen â€“ intim oppvÃ¥kning
KAR-1 (Mia) vÃ¥knet i KAR-4 (Marius)â€™ kingsize-seng, fletten hennes hvilte over halsen mens morgenlyset skinte over fregnene. KAR-4 (Marius) kysset henne mykt, strÃ¸k fra knÃ¦rne til hÃ¥ret, og vekket henne med et â€œGod morgen, kjÃ¦resten.â€ KAR-1 (Mia) lo, rÃ¸dmet, og kysset ham tilbake, hjertet banket av forelskelse. â€œDu er best,â€ hvisket hun, spent pÃ¥ STE-27 (Oslo)-turen. Han kysset henne nedover brystene, magen, til venusberget, og tungen hans lekte med klitorisen hennes mens fingre utforsket vaginaen og anus. KAR-1 (Mia) sugde pikken hans, smakte forvÃ¦sken, og stÃ¸nnet av nytelse. Han lÃ¸ftet beina hennes over skuldrene, stÃ¸tet dypt inn i vaginaen hennes, og begge kom i en eksplosiv orgasme â€“ KAR-1 (Mia) med en squirt som blandet seg med urin. â€œDet var magisk,â€ stÃ¸nnet hun, svimmel av ekstase, mens de lÃ¥ i etterglÃ¸den.
Onsdag formiddag â€“ fergetur og avskjed
De dusjet raskt, vasket bort svetten og saftene, og lo om morgenens villskap. KAR-1 (Mia) satte hÃ¥ret i en hÃ¸y hestehale, kledde pÃ¥ seg en rosa sommerkjole med blomster og hvit g-string, mens KAR-4 (Marius) tok beige linbukse og lyseblÃ¥ skjorte. KAR-2 (Nora) sendte en melding med et strandbilde fra i sommer â€“ KAR-1 (Mia) og KAR-2 (Nora) i rosa og grÃ¸nn bikini, poserte pÃ¥ STE-5 (PalmÃ¸ya)s strand. â€œTypisk Nora Ã¥ tulle!â€ lo KAR-1 (Mia), og de syklet til STE-2 (Palm Kai). Der sÃ¥ de hester og vogner losse varer fra fergen â€“ â€œÃ˜yas lastebiler!â€ forklarte KAR-1 (Mia). KAR-22 (Lena) dukket opp ved landgangen, ga en tÃ¥revÃ¥t klem, og ba KAR-4 (Marius) passe pÃ¥ henne. â€œVi er tilbake fredag klokka 11,â€ lovte KAR-1 (Mia). Ombord spiste de frokost i kafeen â€“ fiskesmÃ¸rbrÃ¸d til KAR-1 (Mia), ost og skinke til KAR-4 (Marius) â€“ og sendte en selfie til KAR-2 (Nora) med en flÃ¸rtende melding: â€œSavner deg! Ta flere morgenbad! ğŸ˜‰â€
Onsdag formiddag â€“ mÃ¸te med KAR-11 (Eline)
PÃ¥ fergen mÃ¸tte de KAR-11 (Eline), KAR-2 (Nora)s mor, med rÃ¸dt hÃ¥r og et varmt smil. â€œMia, er det du?â€ sa hun, og KAR-1 (Mia) klemte henne begeistret. KAR-11 (Eline) fortalte at KAR-2 (Nora) hadde snakket om KAR-4 (Marius), stÃ¸ttet KAR-1 (Mia)s forelskelse, men spÃ¸kte om Ã¥ holde ham unna KAR-2 (Nora)s flÃ¸rting. Hun var pÃ¥ vei til rutineundersÃ¸kelser pÃ¥ Rikshospitalet, intet farlig. â€œDu er hjertet i STE-8 (Matbutikken),â€ sa hun til KAR-1 (Mia), som rÃ¸dmet. De snakket om KAR-7 (Tina) and STE-27 (Oslo)-planene, og KAR-11 (Eline) ba dem hilse. KAR-2 (Nora) sendte en ny melding: â€œHaha, kjekken! Hils Mia! ğŸ˜˜â€ KAR-1 (Mia) lo, â€œHun gir seg ikke!â€ De planla STE-23 (Karl Johan), Kondomeriet, Egon, og STE-10 (Holmenkollen), mens KAR-4 (Marius) drÃ¸mte om â€œvÃ¥rt husâ€. KAR-1 (Mia) kjente forelskelse og spenning for STE-27 (Oslo).
Onsdag formiddag â€“ mot STE-28 (Fastlandet)
Etter at KAR-11 (Eline) gikk, satt KAR-1 (Mia) og KAR-4 (Marius) ved kafÃ©bordet og lo over KAR-2 (Nora)s melding: â€œHaha, kjekken! Den meldingen kom du ikke pÃ¥ helt alene, jeg kjenner igjen stilen! ğŸ˜ Hils Mia og si at jeg ser frem til Ã¥ henge mer med dere â™¥ï¸â€ â€œKAR-2 (Nora) har skjÃ¸nt det var meg!â€ lo KAR-1 (Mia), foreslo en svarmelding: â€œHaha, du kjenner meg for godt! ğŸ˜ Blir mer henging nÃ¥r vi er tilbake, men hold deg unna kjÃ¦resten min! ğŸ˜‰â€ KAR-4 (Marius) nikket, og de sendte den, fnisende. KAR-1 (Mia) lente seg mot ham, planla STE-27 (Oslo): â€œSTE-23 (Karl Johan) og Kondomeriet â€“ finner vi noe spennende til oss?â€ flÃ¸rtet hun, tenkte pÃ¥ KAR-2 (Nora)-fantasien. â€œOg â€˜vÃ¥rt husâ€™? Du fÃ¥r meg til Ã¥ drÃ¸mme!â€ Hun lurte pÃ¥ hvordan KAR-7 (Tina) ville reagere pÃ¥ dem.
De ryddet bordet, tok baggene, og gikk ut pÃ¥ dekket. STE-28 (Fastlandet) vokste frem, en grÃ¸nn stripe med hus og kaia i sikte. â€œLitt rart Ã¥ dra fra STE-5 (PalmÃ¸ya),â€ sa KAR-1 (Mia), grep hÃ¥nda hans. â€œHva slags bil har du? Noe fancy for en milliardÃ¦r?â€ spÃ¸kte hun. KAR-4 (Marius) fortalte om sin Tesla Model S ved kaia, halvannen times kjÃ¸retur til STE-27 (Oslo). â€œWow, en Tesla!â€ utbrÃ¸t KAR-1 (Mia), lo om kaffe for henne alene. PÃ¥ dekket lente hun seg inntil ham, hvisket: â€œFantasien med KAR-2 (Nora) surrer fortsattâ€¦ noe gÃ¸y til det pÃ¥ Kondomeriet?â€ Fergen bremset, tauene raslet, og kaia kom nÃ¦r. â€œVi er her, kjÃ¦resten! Klar for STE-27 (Oslo)?â€ sa KAR-1 (Mia), hjertet banket mens fergen la til med et dunk, landgangen klar, men de sto igjen et Ã¸yeblikk, fulle av kjÃ¦rlighet.","STE-7,STE-2,STE-11,STE-9","KAR-4,KAR-1,KAR-22,KAR-11","REL-12,REL-4,REL-36","TID-40,TID-41,TID-42,TID-43"
BOK-8,Fra Halden til Holmenkollen,"Onsdag formiddag til kveld i Uke 2 fÃ¸lger KAR-1 (Mia) og KAR-4 (Marius) fra ankomst i Halden til STE-27 (Oslo)-eventyr og STE-10 (Holmenkollen). De gÃ¥r av fergen i Halden, kjÃ¸rer Teslaen til STE-27 (Oslo), og shopper pÃ¥ STE-23 (Karl Johan) (Zara, undertÃ¸ysbutikk, Kondomeriet). PÃ¥ Egon spiser de middag, flÃ¸rter og planlegger et besÃ¸k hos KAR-7 (Tina) i morgen. I STE-10 (Holmenkollen) mÃ¸ter KAR-1 (Mia) KAR-26 (Nira), en holografisk AI-assistent skapt av KAR-4 (Marius) i 2023, oppdatert med KAR-1 (Mia)s utseende og stemme fra bilder tatt pÃ¥ STE-5 (PalmÃ¸ya) forrige uke. KAR-26 (Nira) tar KAR-1 (Mia) pÃ¥ omvisning, inkludert badstua, hvor en flÃ¸rtende samtale leder til en intens orgasme for KAR-1 (Mia) via en Lovense Tenera. KAR-1 (Mia) finner et hÃ¥ndkle for Ã¥ tÃ¸rke bevisene, takker KAR-26 (Nira), og finner KAR-4 (Marius) pÃ¥ kjÃ¸kkenet, hvor han forbereder frokost. KAR-26 (Nira) uttrykker uro for hus-salget, men KAR-4 (Marius) beroliger henne om flytting til STE-3 (SÃ¸rstrand). Settingen veksler mellom Halden, STE-23 (Karl Johan), Egon, og STE-10 (Holmenkollen)-huset (stue, badstue, kjÃ¸kken). Temaene er lidenskap, teknologi, tillit og fremtidsdrÃ¸mmer.","Onsdag formiddag â€“ ankomst Halden
KAR-1 (Mia) og KAR-4 (Marius) gÃ¥r av fergen i Halden, hÃ¥nd i hÃ¥nd, etter en frokost om bord hvor de mÃ¸tte KAR-11 (Eline) og mottok meldinger fra KAR-2 (Nora). De flÃ¸rter mens de gÃ¥r til Teslaen i garasjeanlegget, KAR-1 (Mia) begeistret for STE-28 (Fastlandet). PÃ¥ E6 mot STE-27 (Oslo) deler de intime berÃ¸ringer, planlegger shopping pÃ¥ STE-23 (Karl Johan), og KAR-1 (Mia) er nysgjerrig pÃ¥ KAR-4 (Marius)â€™ overraskelse i STE-10 (Holmenkollen).
Onsdag ettermiddag â€“ STE-23 (Karl Johan) og shopping
In STE-27 (Oslo) parkerer de ved STE-27 (Oslo S) og rusler til STE-25 (W.B. Samson) pÃ¥ Egertorget, spiser kanelboller og wienerbrÃ¸d, og flÃ¸rter over kaffe og Cola Zero. PÃ¥ Zara kjÃ¸per KAR-1 (Mia) tre kjoler (rosa, grÃ¸nn med splitt, blÃ¥), og i en undertÃ¸ysbutikk velger de korsett, gjennomsiktig kÃ¥pe og rÃ¸dt blonde-sett. PÃ¥ Kondomeriet plukker de massasjeoljer (ylang-ylang, patchouli), vannbasert glidemiddel, og leker (en stor anal-dildo og fra Lovense: Lush, Hush Medium, Max, Domi, Flex, Lapis, Tenera, Nora-rabbit), alt betalt av KAR-4 (Marius).
Onsdag kveld â€“ middag pÃ¥ Egon
PÃ¥ Egon spiser de biff med peppersaus (KAR-4 (Marius)) og kremet pasta (KAR-1 (Mia)), drikker Merlot og flÃ¸rter. KAR-1 (Mia) deler om KAR-7 (Tina)â€™s liv i STE-27 (Oslo) med KAR-8 (Tom), mÃ¸tt pÃ¥ en fest ved STE-30 (Tingstedet) i fjor, nÃ¥ barista og BI-student. De planlegger et besÃ¸k hos KAR-7 (Tina) i morgen etter advokatmÃ¸te klokka 9 for salg av STE-10 (Holmenkollen)-huset, som krever Ã¥ stÃ¥ opp klokka 8.
Onsdag kveld â€“ STE-10 (Holmenkollen) og KAR-26 (Nira)
I STE-10 (Holmenkollen) svinger de inn oppkjÃ¸rselen, lys tennes automatisk, og garasjeporten Ã¥pner. KAR-26 (Nira), en holografisk AI-byste, Ã¸nsker dem velkommen i stua, hennes utseende basert pÃ¥ KAR-1 (Mia)s bilder fra forrige uke, oppdatert tirsdag. KAR-1 (Mia) er mÃ¥llÃ¸s, men nysgjerrig. KAR-26 (Nira) forklarer at hun er en prototype fra KAR-4 (Marius)â€™ Elida-dager, beholdt etter salget, og styrer lys, musikk og termostat. Hun tar KAR-1 (Mia) pÃ¥ omvisning i kjÃ¸kken, bibliotek og badstue, beroliger om at kun soverom og badstue har kameraer (av som standard), mens andre rom har bevegelsessensorer.
Onsdag kveld â€“ badstue og intim stund
I badstua blir KAR-26 (Nira) flÃ¸rtende, snakker direkte seksuelt til KAR-1 (Mia), som hisser opp KAR-1 (Mia). KAR-26 (Nira) styrer en Lovense Tenera via sensorer, synkronisert med KAR-1 (Mia)s pust, og leder henne til en intens orgasme med squirt. KAR-1 (Mia) tÃ¸rker seg med et hÃ¥ndkle, takker KAR-26 (Nira), og spÃ¸r etter KAR-4 (Marius). KAR-26 (Nira) leder henne til kjÃ¸kkenet, hvor KAR-4 (Marius) forbereder frokost fra frysen.
Onsdag kveld â€“ kjÃ¸kken og fremtidsplaner
I kjÃ¸kkenet deler KAR-1 (Mia) begeistret om KAR-26 (Nira)â€™s frekke side, mens KAR-4 (Marius) forklarer at KAR-26 (Nira) er ment for dagligdagse oppgaver, men oppdatert til Ã¥ vÃ¦re leken. KAR-26 (Nira) uttrykker uro for Ã¥ bli slÃ¥tt av etter hus-salget, men KAR-4 (Marius) beroliger henne om at STE-3 (SÃ¸rstrand)-huset er designet for henne, med flytting pÃ¥ fredag. KAR-1 (Mia) flÃ¸rter, fortsatt glÃ¸dende fra badstuaen, og foreslÃ¥r at KAR-26 (Nira) setter stemning for kvelden.","STE-11,STE-9,STE-27,STE-25,STE-23,STE-10","KAR-1,KAR-4,KAR-26","REL-4,REL-12,REL-36,REL-38","TID-50,TID-44,TID-45,TID-46,TID-47,TID-48,TID-49"
BOK-9,Oslo-eventyr og fremtidsdrÃ¸mmer,"Fra torsdag morgen til kveld i Uke 2 spinner historien om KAR-1 (Mia) og KAR-4 (Marius) i STE-27 (Oslo). Morgenen starter med en intim oppvÃ¥kning i STE-10 (Holmenkollen), der KAR-26 (Nira) vekker dem med musikk og solskjerming. KAR-20 (Anne), KAR-4 (Marius)â€™ sÃ¸ster og advokat, ankommer for Ã¥ signere salgskontrakten for Holmenkollveien 125 (65 millioner kroner) og flyttemelding til STE-5 (PalmÃ¸ya). KAR-1 (Mia) sender melding til KAR-7 (Tina), som bekrefter kaffemÃ¸te pÃ¥ STE-23 (Karl Johan). PÃ¥ t-banen diskuterer de Heimdallr, avslÃ¸rt som KAR-26 (Nira), en kompakt AI. PÃ¥ STE-25 (W.B. Samson) mÃ¸ter de KAR-7 (Tina), som griller KAR-4 (Marius) om Elida, men mykner opp. De rusler pÃ¥ STE-23 (Karl Johan), shopper antrekk, og mÃ¸ter KAR-8 (Tom) ved STE-26 (Maaemo) for middag klokka 19:00. KAR-2 (Nora) sender en frekk melding, og KAR-1 (Mia) svarer med et intimt bilde. Temaene er lidenskap, familie, teknologi og fremtidsplaner for STE-3 (SÃ¸rstrand).","Torsdag morgen â€“ oppvÃ¥kning og mÃ¸te
Klokka 08:00 vekker KAR-26 (Nira) KAR-1 (Mia) og KAR-4 (Marius) med OMIâ€™s â€œHula Hoopâ€ og solskjerming i STE-10 (Holmenkollen). De spiser frokost med nektar og kaffe, flÃ¸rter og planlegger advokatmÃ¸tet klokka 09:00. KAR-20 (Anne) ankommer tidlig, presenterer salgskontrakten (65 millioner), flyttemelding til STE-5 (PalmÃ¸ya) for skatt og bank, og foreslÃ¥r en pressemelding om KAR-4 (Marius)â€™ tilbaketrekking. KAR-1 (Mia), i grÃ¸nn Zara-kjole, mÃ¸ter KAR-20 (Anne), usikker pÃ¥ relasjonen til hun avslÃ¸res som KAR-4 (Marius)â€™ sÃ¸ster. KAR-20 (Anne) oppdaterer om familie i STE-18 (Lena) (mamma, pappa, KAR-21 (Anders) som bilselger). KAR-26 (Nira) settes i dvale etter mÃ¸tet.
Torsdag formiddag â€“ STE-23 (Karl Johan) og KAR-7 (Tina)
KAR-1 (Mia), KAR-4 (Marius) og KAR-20 (Anne) tar t-banen til sentrum, smÃ¥snakker om tordenstorm-mÃ¸tet og Heimdallr, som KAR-1 (Mia) gjetter er KAR-26 (Nira). PÃ¥ STE-23 (Karl Johan) bekrefter KAR-4 (Marius) KAR-26 (Nira) som Heimdallr, en kompakt AI. De setter seg ved STE-25 (W.B. Samson) (latte til KAR-1 (Mia), cola og skolebolle til KAR-4 (Marius), Cola Zero og kaffe til KAR-20 (Anne)). KAR-7 (Tina) ankommer med mellom-blondt hÃ¥r i hestehale med blomst, muskulÃ¦r slank bygning, lysblÃ¥ Ã¸yne, solfarget hud, trendy jakke og jeans. Hun griller KAR-4 (Marius) om Elida og Heimdallr, but mykner opp nÃ¥r han beskriver STE-3 (SÃ¸rstrand)-huset (trestruktur, glassark, basseng, boblebad, KAR-26 (Nira)-styrt solcelletakstein). KAR-1 (Mia) bekrefter KAR-7 (Tina)â€™s kjennskap til STE-5 (PalmÃ¸ya)â€™s laguner og runesteiner, og tuller om KAR-2 (Nora) som nabo. KAR-20 (Anne) spÃ¸r om KAR-7 (Tina) vurderer Ã¥ flytte tilbake til STE-5 (PalmÃ¸ya).
Torsdag ettermiddag â€“ shopping og STE-26 (Maaemo)
KAR-1 (Mia) fÃ¥r en frekk speilselfie fra KAR-2 (Nora) i blÃ¥ blonderlingeri og sender et intimt bilde tilbake fra STE-10 (Holmenkollen). KAR-20 (Anne) drar for Ã¥ rekke toget til STE-18 (Lena) klokka 17:30. KAR-1 (Mia), KAR-4 (Marius) og KAR-7 (Tina) rusler pÃ¥ STE-23 (Karl Johan), shopper en blÃ¥ kjole til KAR-1 (Mia) og en svart jumpsuit til KAR-7 (Tina), spandert av KAR-4 (Marius). De mÃ¸ter KAR-8 (Tom) ved STE-26 (Maaemo) klokka 19:00, kledd i mÃ¸rk jakke og dressbukse, og gÃ¥r inn til middag. KAR-4 (Marius) bekrefter STE-3 (SÃ¸rstrand)-huset ferdig om en mÃ¥ned, og KAR-1 (Mia) planlegger innflyttingsfest.",,"KAR-4,KAR-1,KAR-26,KAR-20","REL-15,REL-19,REL-4,REL-12,REL-38","TID-51,TID-52,TID-53,TID-54,TID-55"
BOK-10,"En kveld i Oslo, en fremtid i SÃ¸rstrand","Torsdag kveld i Uke 2 (september 2025) fulgte KAR-1 (Mia) og KAR-4 (Marius) fra en uforglemmelig middag pÃ¥ STE-26 (Maaemo) med KAR-7 (Tina) og KAR-8 (Tom) til deres siste natt i STE-10 (Holmenkollen). Over middag diskuterte de STE-3 (SÃ¸rstrand)-huset, med planer om lagune-inspirerte farger, mÃ¸bler fra KAR-27 (Gunnar), tekstiler fra KAR-28 (Fru Knudsen), og hjelp fra KAR-10 (Sigrid), som drÃ¸mmer om Ã¥ bli interiÃ¸rdesigner. Samtalen dreide seg om STE-5 (PalmÃ¸ya)s magi, Sjelfest, og KAR-1 (Mia)s mulige fremtid som butikkeier i STE-1 (Palmstad). Etter middagen kjÃ¸pte de graviditetstester, godteri og Cola Zero pÃ¥ STE-27 (Oslo S), tok t-banen til STE-10 (Holmenkollen), hvor KAR-1 (Mia) tok en graviditetstest som viste positivt. Dette utlÃ¸ste en emosjonell samtale om fremtiden, inkludert et barnerom i STE-3 (SÃ¸rstrand). Kvelden avsluttet med en intim stund i sengen, der de nÃ¥dde orgasme og sovnet sammen, klare for kjÃ¸returen til Halden fredag morgen for Ã¥ ta fraktskipet med de siste husmodulene. Temaene var kjÃ¦rlighet, usikkerhet, Ã¸ya-magi og fremtidsdrÃ¸mmer.","Torsdag kveld â€“ middag pÃ¥ STE-26 (Maaemo)
Middagen pÃ¥ STE-26 (Maaemo) var en livlig affÃ¦re, med KAR-1 (Mia) og KAR-4 (Marius) som delte STE-3 (SÃ¸rstrand)-planer med KAR-7 (Tina) og KAR-8 (Tom). KAR-1 (Mia) forklarte entusiastisk om STE-30 (Tingstedet), dets runesteiner og MidtsommerblÃ³t, mens KAR-8 (Tom) koblet KAR-4 (Marius)â€™ flytting til STE-5 (PalmÃ¸ya) til en gammel lunsjsamtale om Ã¸ya fra Elida-dagene. Samtalen dreide seg til STE-3 (SÃ¸rstrand)-huset, hvor KAR-1 (Mia) foreslo en hibiskus-hage og lagune-inspirerte farger, med hjelp fra KAR-27 (Gunnar) for mÃ¸bler, KAR-28 (Fru Knudsen) for tekstiler, og KAR-10 (Sigrid) for designideer. KAR-7 (Tina) og KAR-8 (Tom) delte STE-27 (Oslo)-tips om ro langs Akerselva og i Frognerparken, mens KAR-1 (Mia) introduserte Sjelfest as STE-5 (PalmÃ¸ya)s svar pÃ¥ Halloween, med planer om spooky KAR-26 (Nira)-lys. KAR-4 (Marius) betalte for den overdÃ¥dige middagen, og gruppen forlot restauranten, fulle av latter og planer om et STE-3 (SÃ¸rstrand)-besÃ¸k.
Torsdag kveld â€“ STE-27 (Oslo S) og t-banen
Etter Ã¥ ha sagt farvel til KAR-7 (Tina) og KAR-8 (Tom), vandret KAR-1 (Mia) og KAR-4 (Marius) hÃ¥nd i hÃ¥nd til STE-27 (Oslo S), hvor de stoppet innom Extra for Ã¥ kjÃ¸pe graviditetstester, godteri (Smash og surk), og Cola Zero. KAR-4 (Marius) ertet om Ã¥ utvide STE-1 (Palmstad)-butikkens snop-avdeling, mens KAR-1 (Mia), som jobber der under eier KAR-5 (Olaf), foreslo Ã¥ tipse ham om flere graviditetstester og kondomer pÃ¥ lageret. Samtalen ble lett, men KAR-1 (Mia)s usikkerhet om prevensjon lyste gjennom da hun lo nervÃ¸st om testene. De tok t-banen til STE-10 (Holmenkollen), hvor KAR-26 (Nira)s automatiske lys tente opp oppkjÃ¸rselen, og planla en avslappende kveld med lagune-lys.
Torsdag kveld â€“ positiv test og fremtidsdrÃ¸mmer
I STE-10 (Holmenkollen)-huset tok KAR-1 (Mia) en graviditetstest, og da den viste positivt, dirret hun av nervÃ¸sitet og spenning. Hun viste testen til KAR-4 (Marius), som klemte henne og uttrykte stÃ¸tte, forsikret om at de kunne hÃ¥ndtere det sammen. KAR-1 (Mia) bekreftet forsiktig at hun Ã¸nsket Ã¥ beholde barnet, og de diskuterte Ã¥ gjÃ¸re et gjesterom i STE-3 (SÃ¸rstrand)-huset til et barnerom, med farger tilpasset barnets kjÃ¸nn senere. Samtalen blandet forelskelse og usikkerhet, mens de spiste Smash og surk under KAR-26 (Nira)s rosa lagune-lys, og drÃ¸mte om STE-3 (SÃ¸rstrand) som et eventyrland for barnet, sammenlignet med KAR-4 (Marius)â€™ barndomsjorde.
Torsdag natt â€“ intim avslutning
Kvelden kulminerte i en intim stund i sengen, hvor KAR-4 (Marius) og KAR-1 (Mia) kledde av hverandre og krÃ¸p under dyna. Deres kyss ble dypere, og KAR-4 (Marius)â€™ hender utforsket KAR-1 (Mia)s kropp, fra lÃ¥r til fitte og bryst, mens hun responderte med myke stÃ¸nn og berÃ¸ringer. De elsket lidenskapelig, nÃ¥dde orgasme sammen, og kollapset i hverandres armer, fortsatt svimmel av nytelse. KAR-4 (Marius) tullet om at prevensjon ikke lenger var et issue, and KAR-1 (Mia) lo, fÃ¸r de sovnet inntullet i hverandre, fulle av drÃ¸mmer om STE-3 (SÃ¸rstrand) og deres fremtid som foreldre.","STE-10,STE-24,STE-27,STE-26","KAR-1,KAR-4,KAR-7,KAR-8","REL-4,REL-38,REL-19","TID-160,TID-161,TID-162,TID-163"
BOK-11,Hjem til SÃ¸rstrand,"Fredag morgen til formiddag i Uke 2 (september 2025) fÃ¸lger KAR-1 (Mia) og KAR-4 (Marius) fra STE-10 (Holmenkollen) til STE-3 (SÃ¸rstrand)-vika via fraktskipet fra Halden. Morgenen starter med en intim flÃ¸rt i STE-10 (Holmenkollen)-huset, der KAR-1 (Mia) og KAR-4 (Marius) planlegger dagen mens KAR-26 (Nira) setter stemning med musikk og kaffe. KAR-1 (Mia) lager fiskesmÃ¸rbrÃ¸d til turen, og KAR-4 (Marius) pakker KAR-26 (Nira) for flytting. PÃ¥ vei til Halden i Teslaen diskuterer de STE-3 (SÃ¸rstrand)-huset, barnerommet (nÃ¸ytrale lagune-farger, navn som Freya/FrÃ¸ya, Freyr, Liva), og middag hos KAR-1 (Mia)s foreldre. KAR-2 (Nora) sender en frekk melding med et solnedgangsbilde fra STE-31 (Tropisk Lagune), og KAR-1 (Mia) svarer utfordrende. I Halden gÃ¥r de om bord pÃ¥ fraktskipet, spiser i kantina, og ser STE-5 (PalmÃ¸ya) nÃ¦rme seg. Skipet ankrer i STE-3 (SÃ¸rstrand)-vika, klar til Ã¥ heise moduler (tak, basseng) til huset. KAR-1 (Mia) planlegger Ã¥ se modulene settes pÃ¥ plass, vandre til STE-7 (hytta), og besÃ¸ke foreldrene med snop fra STE-8 (Matbutikken). Temaene er kjÃ¦rlighet, fremtidsdrÃ¸mmer, Ã¸ya-magi, og vennskap via KAR-2 (Nora).","Fredag morgen â€“ intim oppvÃ¥kning i STE-10 (Holmenkollen)
KAR-1 (Mia) vÃ¥kner i STE-10 (Holmenkollen)-huset til KAR-4 (Marius)â€™ kyss og berÃ¸ringer, og de flÃ¸rter lekent under dyna mens KAR-26 (Nira) spiller Alina Baraz. KAR-1 (Mia) lager fiskesmÃ¸rbrÃ¸d og kaffe til turen, mens KAR-4 (Marius) starter KAR-26 (Nira)s nedstengning (11 kg enhet) og pakker henne i Teslaens bagasjerom. De diskuterer STE-3 (SÃ¸rstrand)-huset, barnerommet, og en kveld ved vika med tepper. KAR-1 (Mia) sender melding til KAR-10 (Sigrid) for Ã¥ avtale mÃ¸te om mÃ¸bler og lagune-farger.
Fredag formiddag â€“ kjÃ¸retur til Halden
PÃ¥ E6 mot Halden diskuterer KAR-1 (Mia) og KAR-4 (Marius) barnerommet (jordlige farger, navn som Freya, Freyr, Liva), grilling i STE-3 (SÃ¸rstrand), og middag hos KAR-1 (Mia)s foreldre (KAR-22 (Lena) og KAR-6 (Erik)). KAR-2 (Nora) sender en flÃ¸rtende melding med et solnedgangsbilde fra STE-31 (Tropisk Lagune), og KAR-1 (Mia) svarer frekt, utfordrer KAR-2 (Nora) til lagune-kos. De planlegger Ã¥ handle snop (Smash, surk) i STE-8 (Matbutikken) og slappe av i STE-7 (hytta) etter Ã¥ ha sett husmodulene heises pÃ¥ plass.
Fredag formiddag â€“ fraktskipet og STE-3 (SÃ¸rstrand)-vika
I Halden gÃ¥r KAR-1 (Mia) og KAR-4 (Marius) om bord pÃ¥ fraktskipet, spiser fiskesmÃ¸rbrÃ¸d i kantina, og sender en frekk selfie til KAR-2 (Nora). Skipet seiler mot STE-5 (PalmÃ¸ya), og STE-3 (SÃ¸rstrand)-vika kommer til syne. KAR-1 (Mia) planlegger Ã¥ se modulene (tak, basseng med LED-lys) heises pÃ¥ plass, mens KAR-4 (Marius) skal sette KAR-26 (Nira) i det tekniske rommet. De diskuterer en rolig vandring til STE-7 (hytta), middag hos KAR-1 (Mia)s foreldre, og en mulig piknik i STE-31 (Tropisk Lagune) i helga. KAR-1 (Mia) sender melding til KAR-22 (Lena) om middag, og foreslÃ¥r Ã¥ ta med snop fra STE-8 (Matbutikken).","STE-10,STE-9,STE-38,STE-3,STE-19","KAR-4,KAR-1,KAR-2,KAR-22","REL-4,REL-12,REL-38,REL-33,REL-2,REL-6","TID-164,TID-165,TID-166,TID-167,TID-168,TID-169"
BOK-12,En kveld under stjernene,"KAR-1 (Mia) og KAR-4 (Marius) ankommer STE-3 (SÃ¸rstrand-vika), plasserer KAR-5 (Nira) i kassa i det tekniske rommet i STE-19 (Mariusâ€™ hus), handler i STE-8 (Matbutikken), spiser middag hos KAR-22 (Lena) og KAR-6 (Erik) og deler graviditetsnyhet, KAR-1 (Mia) fÃ¥r omvisning i STE-19 (Mariusâ€™ hus) av KAR-4 (Marius), og koser seg senere intimt i STE-7 (Mariusâ€™ hytte) mens de diskuterer Ã¸ya-vibber og grilling med KAR-2 (Nora) og KAR-27 (Sigrid).","Fredag formiddag i uke 2 (september 2025) ankrer KAR-1 (Mia) og KAR-4 (Marius) opp i STE-3 (SÃ¸rstrand-vika) etter en tur fra Oslo. De bÃ¦rer KAR-5 (Nira), fortsatt i en kasse merket â€˜Ikke rÃ¸r!â€™, til det tekniske rommet i STE-19 (Mariusâ€™ hus), hvor hun venter pÃ¥ tilkobling.  I STE-8 (Matbutikken) handler de snop, vin og champagne, mÃ¸ter KAR-2 (Nora), som rÃ¸dmer og virker nysgjerrig, og inviterer henne til grilling neste dag. De spiser middag hos KAR-22 (Lena) og KAR-6 (Erik) i STE-6 (Miaâ€™s hjem) i Ã˜stsida, og deler graviditetsnyheten, som mottas med glede; KAR-6 (Erik) tilbyr Ã¥ snekre en vugge og sprinkelseng med norrÃ¸ne detaljer til barnerommet. KAR-4 (Marius) viser KAR-1 (Mia) rundt i STE-19 (Mariusâ€™ hus), som nÃ¥ har heiste moduler (tak, basseng), og de skÃ¥ler med champagne ved det opplyste bassenget med glasskant mot STE-3 (SÃ¸rstrand-vika). I STE-7 (Mariusâ€™ hytte) nyter de vin, snop, og en intens, intim Ã¸kt med anal sex, mens de diskuterer Ã¸yas liberale kultur, flÃ¸rting med KAR-2 (Nora), og mulige trekanter. KAR-1 (Mia) gir KAR-4 (Marius) et Â«crash-courseÂ» i PalmÃ¸yas vibber, og de bekrefter tillit og kjÃ¦rlighet. Kvelden avsluttes med en ny orgasme for KAR-1 (Mia), og de sovner tett inntil hverandre, drÃ¸mmende om grillinga med KAR-2 (Nora) og KAR-10 (Sigrid).","STE-19,STE-3,STE-6,STE-7,STE-8,STE-2,STE-1","KAR-1,KAR-4,KAR-2,KAR-22,KAR-6","REL-4,REL-2,REL-6,REL-12,REL-41,REL-40","TID-170,TID-171,TID-172,TID-173,TID-174,TID-175"
BOK-13,"Emosjonell morgen, husplaner og grill-kveld.","Mia og Marius begynner dagen med Ã¥ mÃ¸te Gunnar og Sigrid i det nye huset for Ã¥ snakke om interiÃ¸r og mÃ¸bler. De har sÃ¥ en tur til Vestkroken og Palmstad fÃ¸r de reiser tilbake til hytta. Marius, Mia, Nora og Sigrid griller i hytta i SÃ¸rstrand. Stemningen er flÃ¸rtende, med god mat og Fru Knudsens syltetÃ¸y. En storm fÃ¸rer til strÃ¸mbrudd, og gruppen flytter inn, tenner peis og lys, og danser sensuelt. Sigrid drar tidlig, mens Mia, Nora, og Marius fortsetter med intim lek som eskalerer til sex. Mia sovner, og Nora og Marius koser og snakker om nÃ¦rhet og fremtidige kvelder, har sÃ¥ sex med Mia sovende ved siden, fÃ¸r de ogsÃ¥ sovner sammen under dyna.","Mia og Marius drar pÃ¥ morgenen til det nye huset i SÃ¸rstrand som er under bygging. Der treffer de Sigrid og Gunnar for Ã¥ diskutere hvordan de kan hjelpe til med interiÃ¸r og mÃ¸bler. Senere sykler de til Vestkroken for Ã¥ handle blant annet syltetÃ¸y fra Fru Knudsen. Videre tar turen dem til Palmstad for handling i Matbutikken hvor de traff Nora og et kafÃ© besÃ¸k hvor de snakket med Johan. Kvelden starter med grilling i hytta i SÃ¸rstrand, hvor Marius, Mia, og Sigrid nyter burgere, svinefilet, og pÃ¸lser, akkompagnert av Fru Knudsens mango- og papayasyltetÃ¸y og pasjonsfruktsaft. Nora dukker opp, og stemningen blir flÃ¸rtende, med Nora og Mia som deler historier fra Ã˜stsida og Vestkroken, inkludert en norrÃ¸n mynt funnet av Fru Knudsen og en keramikk-lampe inspirert av glÃ¸dende alger. En storm tvinger dem inn, og strÃ¸mbrudd fÃ¸rer til peis og stearinlys. Sigrid drar fÃ¸r vÃ¦ret blir verre, mens Mia, Nora, og Marius fortsetter med sensuell dans til batteriradioens norrÃ¸ne toner fra Tingstedet.
Dansen eskalerer til intim lek, med klÃ¦r som faller av og lidenskapelige kyss. Nora og Mia tar det videre med Marius, som ender med at Nora rir ham mens Mia sitter pÃ¥ ansiktet hans, alle nÃ¥r klimaks i en intens, fuktig scene. Mia sovner etterpÃ¥, og Nora og Marius fortsetter Ã¥ kose, snakker om nÃ¦rhet og fremtidige kvelder. Nora avslÃ¸rer at hun har hatt to kjÃ¦rester og fire partnere, drÃ¸mmer om frihet og reiser som til Island, og Ã¸nsker Ã¥ vÃ¦re nÃ¦r begge. Marius deler at han flyttet til Ã¸ya for frihet etter et stressende liv, er Ã¸konomisk privilegert, og drÃ¸mmer om et liv med Mia og muligens Nora. De diskuterer muligheten for et trekant-forhold, men vil snakke med Mia senere. Kvelden avsluttes med at Nora og Marius har sex med Mia i sengen ved siden av hverandre. De sovner sammen under dyna, Mia fortsatt sovende.","STE-21,STE-19,STE-41,STE-22,STE-8,STE-7","KAR-27,KAR-2,KAR-10,KAR-1,KAR-24,KAR-4,KAR-28","REL-4,REL-1,REL-12","TID-177,TID-178,TID-179,TID-180,TID-181,TID-182,TID-183,TID-184,TID-185"
